X,Y,Z,areas,ax1s,ax2s,global_ids,gyrations,types,volumes,Outlier
2.45,0.45,0.3,1.625,28.88888889,11.61806455,1pSxEG2rr6zgoLYoEvbIzF,0.653516131,IfcSlab,0.05625,1
8.166,9.508,0.219,95.097116,106.1531276,3.706565269,2OBrcmyk58NupXoVOHUtxr,3.320520792,IfcSlab,0.895848461,1
2.7,2.2,0.3,10.9,21.8,1.848422751,3uJysHX9XAfg$97uAC4lIQ,0.924211376,IfcSlab,0.5,1
2.45,0.45,0.3,1.625,28.88888889,11.61806455,3dj1AkCib0yB5EZit13Oks,0.653516131,IfcSlab,0.05625,1
2.45,0.45,0.3,1.625,28.88888889,11.61806455,0NPxCUGN565g2LZ_Pp47uq,0.653516131,IfcSlab,0.05625,1
8.166,17.166,0.657,292.4973656,4.814993499,0.089497079,3ThA22djr8AQQ9eQMA5s7I,5.436696799,IfcSlab,60.74719844,1
3.908,17.166,0.505,131.7123592,7.291084981,0.284714526,1hOSvn6df7F8_7GcBWlRqU,5.143325308,IfcSlab,18.06485037,1
3.11,1.805433716,0.428707972,10.68808128,15.26849833,1.369832005,1hZeF0nAz4JBDqRWYr$yqv,0.958894286,IfcSlab,0.700008674,1
7.675,7.38,0.38,106.4208,11.8552384,0.325524375,0LSkmVeEz8$OhFjqm4WfI0,2.922131401,IfcSlab,8.97669,1
1.21,0.6,0.3,1.09,26.98019802,7.762246265,1M9GtOTmb0y9zzrbwAaiAe,0.313594749,IfcSlab,0.0404,1
2.45,0.45,0.3,1.625,28.88888889,11.61806455,1Q7vSN7v15bQzJ_Iw0KiPz,0.653516131,IfcSlab,0.05625,1
7.675,7.38,0.38,106.4208,11.8552384,0.325524375,14C1RhPQ92nQUKvdg5fGjj,2.922131401,IfcSlab,8.97669,1
2.7,2.2,0.3,10.9,21.8,1.848422751,2d$nQUVtH5i8ulOgXV26ZM,0.924211376,IfcSlab,0.5,1
2.7,2.2,0.3,10.9,21.8,1.848422751,0jl_xsV_P4OeVQgFrvx2T3,0.924211376,IfcSlab,0.5,1
2.45,0.45,0.3,1.625,28.88888889,11.61806455,3UYqhMg6zElQO64rLnewgQ,0.653516131,IfcSlab,0.05625,1
6,4.582734,0.35,53.8945346,14.13449708,0.55037761,1CZILmCaHETO8tf3SgGEWh,2.098578037,IfcSlab,3.81297858,1
6,4.582734,0.35,53.8945346,14.13449708,0.55037761,1CZILmCaHETO8tf3SgGEXu,2.098578037,IfcSlab,3.81297858,1
2.45,0.45,0.3,1.625,28.88888889,11.61806455,1GiWsHhUr5HBFMl4ObzVRK,0.653516131,IfcSlab,0.05625,1
7.675,7.38,0.45,114.6685,8.54611006,0.222993664,0xUp88Fb99vAaphf3pNOo1,2.992045357,IfcSlab,13.417625,1
1.656,2.371,0.213,6.416254,156.1410147,18.36352969,2OBrcmyk58NupXoVOHUtjR,0.754606796,IfcSlab,0.041092688,1
7.675,7.38,0.61,119.3581,5.424158841,0.135971746,0TDye8xYn3kgd3hFqcneWJ,2.992045357,IfcSlab,22.004905,1
2.45,0.45,0.3,1.625,28.88888889,11.61806455,3kVpB8D6LAugzJ0n2a1pgt,0.653516131,IfcSlab,0.05625,1
7.675,7.38,0.38,106.4208,11.8552384,0.325524467,3JkilHr2v6B8GAqSNNVI_y,2.922132226,IfcSlab,8.97669,1
2.45,0.45,0.3,1.625,28.88888889,11.61806455,1q9AkVbyP2uP25bC45SS$F,0.653516131,IfcSlab,0.05625,1
2.45,0.45,0.3,1.625,28.88888889,11.61806455,3e5mSJfjT17voTzvz0RG3D,0.653516131,IfcSlab,0.05625,1
7.675,7.38,0.38,106.4208,11.8552384,0.325524375,0lkGbfCQn2k97dXiG8ko7K,2.922131401,IfcSlab,8.97669,1
2.45,0.45,0.3,1.625,28.88888889,11.61806455,0g1b9wDNrC8hsUyxxEzcH7,0.653516131,IfcSlab,0.05625,1
1.21,0.6,0.3,1.09,26.98019802,7.762246265,3mS5Ix1D907PS6_XqVt4Oa,0.313594749,IfcSlab,0.0404,1
7.675,7.38,0.38,106.4208,11.8552384,0.325524375,0xsG2MKUfDj969xhpJiyYH,2.922131401,IfcSlab,8.97669,1
3.11,1.806203172,0.448898979,10.69417499,15.26819783,1.368991279,3rRj5Ulwj0CRgQ1K0AQxEg,0.958871011,IfcSlab,0.700421563,1
7.675,7.38,0.38,106.4208,11.8552384,0.325524467,33RCWHsGj7kvpWT5pcQpxV,2.922132226,IfcSlab,8.97669,1
1.656,2.371,0.213,6.416254,156.1410147,18.36352969,2OBrcmyk58NupXoVOHUtju,0.754606796,IfcSlab,0.041092688,1
2.45,0.45,0.3,1.625,28.88888889,11.61806455,0swD$jEsPDe9FPvYXcT_Fi,0.653516131,IfcSlab,0.05625,1
3.11,1.805919926,0.440660766,10.69167965,15.26830851,1.369340326,2wHyf6ACrC8hG4R5w2$_8m,0.958884744,IfcSlab,0.700253053,1
7.675,7.38,0.38,106.4208,11.8552384,0.325524467,1P1HuDeiX6$eDeymjNUNcy,2.922132226,IfcSlab,8.97669,1
2.7,2.2,0.3,10.9,21.8,1.848422751,20WCXjGrT0Mes7IkMcPT8Y,0.924211376,IfcSlab,0.5,1
1.21,0.6,0.3,1.09,26.98019802,7.762246265,01HjU3lDn5WOGWWXsZ1vFK,0.313594749,IfcSlab,0.0404,1
8.166,9.508,0.219,95.09753548,106.1531237,3.706564716,2OBrcmyk58NupXoVOHUtgP,3.320535067,IfcSlab,0.895852446,1
7.675,7.38,0.61,119.3581,5.424158841,0.135971746,3LvCR8tPr4Ew7wZXSMele6,2.992045357,IfcSlab,22.004905,1
7.675,7.38,0.45,114.6685,8.54611006,0.222993664,3iASXWe9TFARlA$oNumLVa,2.992045357,IfcSlab,13.417625,1
3.11,1.80508566,0.421259918,10.68585206,15.26863414,1.370129564,1yEYBNJcP6RPdjYCbIad6j,0.95889401,IfcSlab,0.699856448,1
2.45,0.45,0.3,1.625,28.88888889,11.61806455,3FXBwNe2vELBR$VbQMkAnE,0.653516131,IfcSlab,0.05625,1
7.675,7.38,0.38,106.4208,11.8552384,0.325524375,3gxEUcQPP23QLc7sJ27bfx,2.922131401,IfcSlab,8.97669,1
2.45,0.45,0.3,1.625,28.88888889,11.61806455,3z$0YXO8H6xh4v7IQJslQj,0.653516131,IfcSlab,0.05625,1
2.45,0.45,0.3,1.625,28.88888889,11.61806455,3z0eyO8Z93FgMBo2i5jrfw,0.653516131,IfcSlab,0.05625,1
3.11,1.805784992,0.437115052,10.69060951,15.26836121,1.369488,2ECY7P09TDHBd9sp2vjN91,0.958888857,IfcSlab,0.700180547,1
7.675,7.38,0.38,106.4208,11.8552384,0.325524375,1Mcb7tHkLBAuI0wwXjNdwi,2.922131401,IfcSlab,8.97669,1
8.166,9.508,0.327,133.947452,16.28134484,0.41004713,2O2Fr$t4X7Zf8NOew3FK4F,3.373478595,IfcSlab,8.227050856,1
7.675,7.38,0.45,114.6685,8.54611006,0.222993664,0dhzZG9wrB2BUeQLFnE0WM,2.992045357,IfcSlab,13.417625,1
2.289,5.748,0.219,14.711942,107.3813495,12.14410922,2OBrcmyk58NupXoVOHUt5W,1.663821803,IfcSlab,0.137006492,1
2.7,2.2,0.3,10.9,21.8,1.848422751,0Iv7Z2HBT5FOzKWPhtU42V,0.924211376,IfcSlab,0.5,1
3.908,6.449,0.219,44.46483,106.1665644,4.853270195,2OBrcmyk58NupXoVOHUt8F,2.032653457,IfcSlab,0.418821408,1
2.45,0.45,0.3,1.625,28.88888889,11.61806455,0Xq84doDT4bhudPNm8GcHM,0.653516131,IfcSlab,0.05625,1
3.908,6.449,0.219,44.46483,106.1665644,4.853270195,2OBrcmyk58NupXoVOHUtC0,2.032653457,IfcSlab,0.418821408,1
2.45,0.45,0.3,1.625,28.88888889,11.61806455,2cTeoFZTf6xf4ve1Sgpl1t,0.653516131,IfcSlab,0.05625,1
7.675,7.38,0.61,119.3581,5.424158841,0.135971746,3e3tYgh$TDDgtUPYoHkfWp,2.992045357,IfcSlab,22.004905,1
7.675,7.38,0.61,119.3581,5.424158841,0.135971746,1vWvhwodz6kO57L1qYq7Pq,2.992045357,IfcSlab,22.004905,1
7.675,7.38,0.38,106.4208,11.8552384,0.325524467,0erXUP2Jv3o90g3rVxo2Sp,2.922132226,IfcSlab,8.97669,1
1.35,2.486000166,0.25,5.601400398,42.61402101,5.619911171,04RQcjHB5Dgx411vE8P8XP,0.738709277,IfcSlab,0.13144501,1
2.45,0.45,0.3,1.625,28.88888889,11.61806455,0y7GJzNMrAXRHmtLxG6dFE,0.653516131,IfcSlab,0.05625,1
7.675,7.38,0.38,106.4208,11.8552384,0.325524375,0fwijrbxHF$OUAhL_DoXl9,2.922131401,IfcSlab,8.97669,1
1.724,4.36,0.213,12.827464,155.639259,15.51771241,2OBrcmyk58NupXoVOHUt0F,1.27893758,IfcSlab,0.08241792,1
8.166,9.508,0.327,134.200452,16.28030543,0.409442042,2O2Fr$t4X7Zf8NOew3FKcz,3.375078396,IfcSlab,8.243116356,1
3.908,17.166,0.505,131.9035192,7.288778684,0.283987351,1hOSvn6df7F8_7GcBWlRrM,5.139260314,IfcSlab,18.09679302,1
2.45,0.45,0.3,1.625,28.88888889,11.61806455,1GtTrf_lf4ChsZ$SM9tpJX,0.653516131,IfcSlab,0.05625,1
7.675,7.38,0.38,106.4208,11.8552384,0.325524375,00U97nJ51ADu9Un2R0RJbi,2.922131401,IfcSlab,8.97669,1
2.45,0.45,0.3,1.625,28.88888889,11.61806455,3NWz$p07HBHhRS5TfXCFuq,0.653516131,IfcSlab,0.05625,1